caseid,educ,age,religion,region,wealthCat,wealthDec,urban,DHSCLUST
1 21  1,6,40,Evangelical / Protestant,Atlantida,Richer,72182,1,1
1 21  9,6,21,Evangelical / Protestant,Atlantida,Richer,72182,1,1
1 21 13,4,36,Evangelical / Protestant,Atlantida,Richer,72182,1,1
1 41  2,0,28,Evangelical / Protestant,Atlantida,Poorer,-87333,1,1
1 41  6,3,47,Evangelical / Protestant,Atlantida,Poorer,-87333,1,1
1 51  2,6,30,Evangelical / Protestant,Atlantida,Richer,68430,1,1
1 61  1,8,34,Evangelical / Protestant,Atlantida,Richer,68492,1,1
1 81  2,9,35,Evangelical / Protestant,Atlantida,Richer,107906,1,1
1 91  2,6,38,Evangelical / Protestant,Atlantida,Richer,89343,1,1
1101  1,6,39,Evangelical / Protestant,Atlantida,Middle,-2983,1,1
1111  2,6,37,Evangelical / Protestant,Atlantida,Richer,110593,1,1
1121  1,6,43,Evangelical / Protestant,Atlantida,Richer,94266,1,1
1171  2,5,42,Evangelical / Protestant,Atlantida,Richest,124377,1,1
1201  2,6,30,Evangelical / Protestant,Atlantida,Richest,139766,1,1
2 31  1,12,48,Catholic,Atlantida,Richer,60748,1,2
2 41  1,6,27,Evangelical / Protestant,Atlantida,Richer,105864,1,2
2 51  1,6,47,Evangelical / Protestant,Atlantida,Middle,15792,1,2
2 71  2,11,32,Evangelical / Protestant,Atlantida,Richest,128382,1,2
2 81  2,9,43,Evangelical / Protestant,Atlantida,Richest,177477,1,2
2 91  2,7,36,Evangelical / Protestant,Atlantida,Richest,150976,1,2
2101  1,13,43,Catholic,Atlantida,Richest,160418,1,2
2141  2,12,31,Catholic,Atlantida,Richest,128374,1,2
2171  2,12,22,Evangelical / Protestant,Atlantida,Richer,90641,1,2
2191  1,6,43,Evangelical / Protestant,Atlantida,Richer,116958,1,2
3 21  1,2,48,Catholic,Atlantida,Richer,92270,1,3
3 31  1,0,47,Evangelical / Protestant,Atlantida,Middle,30413,1,3
3 41  2,8,23,Evangelical / Protestant,Atlantida,Middle,13883,1,3
3 51  2,7,18,Evangelical / Protestant,Atlantida,Middle,34878,1,3
3 71  2,11,21,Evangelical / Protestant,Atlantida,Richer,116114,1,3
3 91  1,6,44,Evangelical / Protestant,Atlantida,Richest,121335,1,3
3101  2,7,23,Evangelical / Protestant,Atlantida,Middle,-29478,1,3
3111  2,6,22,Evangelical / Protestant,Atlantida,Richer,87599,1,3
3121  2,12,36,Catholic,Atlantida,Richest,190132,1,3
3131  2,6,35,No religion,Atlantida,Richer,107190,1,3
3141  1,6,47,Evangelical / Protestant,Atlantida,Richer,101898,1,3
3151  2,7,15,Catholic,Atlantida,Middle,6536,1,3
3171  1,6,26,Evangelical / Protestant,Atlantida,Richer,74864,1,3
3181  1,6,31,Evangelical / Protestant,Atlantida,Richest,153399,1,3
3191  2,6,43,Evangelical / Protestant,Atlantida,Richest,156586,1,3
4 11  2,12,40,Catholic,Atlantida,Richest,126929,1,4
4 21  1,6,38,Evangelical / Protestant,Atlantida,Middle,35245,1,4
4 41  2,9,25,Evangelical / Protestant,Atlantida,Richer,109549,1,4
4 51  5,6,20,No religion,Atlantida,Richer,96931,1,4
4 61  1,9,31,Catholic,Atlantida,Richer,101076,1,4
4 91  2,9,30,No religion,Atlantida,Middle,46595,1,4
4101  2,6,32,Evangelical / Protestant,Atlantida,Middle,-26635,1,4
4111  1,6,36,Evangelical / Protestant,Atlantida,Richer,77635,1,4
4131  2,7,30,No religion,Atlantida,Richer,91833,1,4
4151  2,6,39,Evangelical / Protestant,Atlantida,Richer,58371,1,4
4161  2,5,43,Evangelical / Protestant,Atlantida,Middle,32967,1,4
4171  2,6,48,Catholic,Atlantida,Richer,97196,1,4
4171  3,6,28,Evangelical / Protestant,Atlantida,Richer,97196,1,4
4181  2,2,31,Evangelical / Protestant,Atlantida,Middle,43783,1,4
4191  2,4,31,Evangelical / Protestant,Atlantida,Middle,-21875,1,4
5 51  1,6,29,Evangelical / Protestant,Atlantida,Richest,124276,1,5
5 61  2,6,22,Catholic,Atlantida,Richer,83550,1,5
5 81  2,12,23,Evangelical / Protestant,Atlantida,Richer,76342,1,5
5111  2,12,37,Catholic,Atlantida,Richer,50223,1,5
5131  2,9,25,Evangelical / Protestant,Atlantida,Richer,108359,1,5
5151  4,12,31,Catholic,Atlantida,Richest,160553,1,5
5161  2,6,39,Evangelical / Protestant,Atlantida,Richer,73970,1,5
5171  2,12,34,Evangelical / Protestant,Atlantida,Richest,152632,1,5
5201  1,6,35,Evangelical / Protestant,Atlantida,Richer,74638,1,5
6 31  2,17,37,Evangelical / Protestant,Atlantida,Richest,183221,1,6
6 61  2,6,36,Catholic,Atlantida,Richest,141801,1,6
6 71  2,6,36,Evangelical / Protestant,Atlantida,Richer,97594,1,6
6 81  1,12,35,Evangelical / Protestant,Atlantida,Richer,88459,1,6
6 91  6,8,26,Evangelical / Protestant,Atlantida,Richer,58073,1,6
6101  1,9,49,Catholic,Atlantida,Richer,89089,1,6
6111  2,12,35,Evangelical / Protestant,Atlantida,Richer,58385,1,6
6131  1,12,44,Evangelical / Protestant,Atlantida,Richest,188711,1,6
6131  4,12,48,Catholic,Atlantida,Richest,188711,1,6
6141  2,6,27,Evangelical / Protestant,Atlantida,Richer,103997,1,6
6161  2,6,29,Evangelical / Protestant,Atlantida,Richer,89922,1,6
6191  2,6,36,Evangelical / Protestant,Atlantida,Richer,100042,1,6
6201  2,11,25,Evangelical / Protestant,Atlantida,Richest,161981,1,6
7 11  4,9,33,Catholic,Atlantida,Richer,69751,1,7
7 11  9,11,23,Catholic,Atlantida,Richer,69751,1,7
7 31  2,3,35,Evangelical / Protestant,Atlantida,Richer,83294,1,7
7 41  2,7,25,Evangelical / Protestant,Atlantida,Richer,51491,1,7
7 51  2,6,34,Catholic,Atlantida,Middle,38820,1,7
7101  2,8,28,Catholic,Atlantida,Middle,-22564,1,7
7111  1,6,45,No religion,Atlantida,Middle,21038,1,7
7121  2,6,39,Evangelical / Protestant,Atlantida,Middle,-3123,1,7
7141  2,4,47,Evangelical / Protestant,Atlantida,Richest,126086,1,7
7141  7,4,28,Evangelical / Protestant,Atlantida,Richest,126086,1,7
7171  1,11,37,Catholic,Atlantida,Richest,163511,1,7
7191  2,9,45,Catholic,Atlantida,Middle,-5772,1,7
7201  3,11,23,Catholic,Atlantida,Richer,61670,1,7
7201  5,10,22,Catholic,Atlantida,Richer,61670,1,7
8 11  2,15,27,Catholic,Atlantida,Richest,187836,1,8
8 11  5,12,26,Catholic,Atlantida,Richest,187836,1,8
8 11  7,15,35,Catholic,Atlantida,Richest,187836,1,8
8 21  7,14,31,Catholic,Atlantida,Richest,131293,1,8
8 31  2,12,48,Catholic,Atlantida,Richest,186540,1,8
8 41  1,12,35,Catholic,Atlantida,Richest,197259,1,8
8 81  3,15,26,Evangelical / Protestant,Atlantida,Richest,188269,1,8
8111  1,13,31,Evangelical / Protestant,Atlantida,Richest,150017,1,8
8171  2,11,25,Evangelical / Protestant,Atlantida,Richest,207944,1,8
8181  1,16,29,Catholic,Atlantida,Richest,177513,1,8
8191  2,17,33,Catholic,Atlantida,Richest,202892,1,8
9 11  1,11,41,Evangelical / Protestant,Atlantida,Richer,113766,1,9
9 21  2,12,26,Evangelical / Protestant,Atlantida,Richest,168650,1,9
9 51  1,17,42,Catholic,Atlantida,Richest,172491,1,9
9 61  4,16,36,Catholic,Atlantida,Richest,209932,1,9
9 71  2,12,49,Catholic,Atlantida,Richest,174724,1,9
9 91  2,9,38,Catholic,Atlantida,Richest,203699,1,9
9121  2,10,24,Evangelical / Protestant,Atlantida,Richest,123007,1,9
9151  2,8,36,Evangelical / Protestant,Atlantida,Richest,182025,1,9
9191  2,12,35,Catholic,Atlantida,Richest,187265,1,9
9201  1,12,31,Evangelical / Protestant,Atlantida,Richest,176773,1,9
10 11  2,9,30,Evangelical / Protestant,Atlantida,Richest,120525,1,10
10 21  1,0,35,No religion,Atlantida,Richer,91872,1,10
10 21  6,6,16,Evangelical / Protestant,Atlantida,Richer,91872,1,10
10 31  1,6,22,Evangelical / Protestant,Atlantida,Poorer,-42892,1,10
10 51  6,12,27,Evangelical / Protestant,Atlantida,Richer,101625,1,10
10 51 10,11,22,Catholic,Atlantida,Richer,101625,1,10
10 61  1,7,25,Evangelical / Protestant,Atlantida,Middle,4293,1,10
10 71  1,6,30,Evangelical / Protestant,Atlantida,Poorer,-38613,1,10
10 81  1,6,47,Evangelical / Protestant,Atlantida,Richest,125857,1,10
10 91  2,13,43,Evangelical / Protestant,Atlantida,Richest,188496,1,10
10101  3,8,31,Evangelical / Protestant,Atlantida,Richer,96927,1,10
10111  1,12,28,Evangelical / Protestant,Atlantida,Richest,139895,1,10
10131  2,12,37,Catholic,Atlantida,Richest,158310,1,10
10141  2,9,29,No religion,Atlantida,Middle,-6657,1,10
10151  2,6,28,Catholic,Atlantida,Middle,46319,1,10
10161  1,9,39,Catholic,Atlantida,Middle,40469,1,10
10171  2,6,32,Evangelical / Protestant,Atlantida,Richest,119966,1,10
10181  1,6,21,Evangelical / Protestant,Atlantida,Richest,138391,1,10
10201  2,6,44,Catholic,Atlantida,Richest,164428,1,10
11 41  2,12,22,Catholic,Atlantida,Richer,59331,1,11
11 51  2,6,32,Evangelical / Protestant,Atlantida,Richest,126803,1,11
11 61  2,7,35,Catholic,Atlantida,Middle,38965,1,11
11 71  2,4,34,Catholic,Atlantida,Middle,38896,1,11
11 81  2,6,38,Catholic,Atlantida,Richer,87531,1,11
11 91  2,3,31,Catholic,Atlantida,Middle,-6713,1,11
11101  2,9,25,No religion,Atlantida,Middle,-20963,1,11
11121  2,3,28,Evangelical / Protestant,Atlantida,Middle,-3862,1,11
11131  2,6,36,Evangelical / Protestant,Atlantida,Middle,30479,1,11
11131  6,7,18,No religion,Atlantida,Middle,30479,1,11
11141  2,3,27,No religion,Atlantida,Middle,37493,1,11
11161  2,2,27,Evangelical / Protestant,Atlantida,Middle,37599,1,11
11171  1,10,39,Evangelical / Protestant,Atlantida,Middle,28952,1,11
12 11  2,14,40,Catholic,Atlantida,Richest,153103,1,12
12 51  2,13,31,Catholic,Atlantida,Richest,184890,1,12
12 61  2,12,28,Evangelical / Protestant,Atlantida,Richest,163654,1,12
12121  2,16,46,Catholic,Atlantida,Richest,198891,1,12
12151  1,7,27,No religion,Atlantida,Richer,89234,1,12
12161  4,12,27,Evangelical / Protestant,Atlantida,Richest,191421,1,12
12171  1,17,35,Catholic,Atlantida,Richer,116610,1,12
12191  1,17,44,Evangelical / Protestant,Atlantida,Richest,160442,1,12
13 21  1,2,42,No religion,Atlantida,Poorest,-131143,1,13
13 31  2,6,29,Evangelical / Protestant,Atlantida,Middle,26953,1,13
13 41  4,12,26,No religion,Atlantida,Middle,26685,1,13
13 51  1,6,25,Evangelical / Protestant,Atlantida,Richer,57355,1,13
13 61  1,6,33,Evangelical / Protestant,Atlantida,Middle,14032,1,13
13 71  2,3,37,Evangelical / Protestant,Atlantida,Richer,82428,1,13
13 71  8,2,27,Evangelical / Protestant,Atlantida,Richer,82428,1,13
13 81  2,6,32,Evangelical / Protestant,Atlantida,Middle,11750,1,13
13 91  2,6,25,Evangelical / Protestant,Atlantida,Richer,50441,1,13
13101  2,3,28,No religion,Atlantida,Richer,73764,1,13
13101  7,3,36,Evangelical / Protestant,Atlantida,Richer,73764,1,13
13121  4,2,48,Evangelical / Protestant,Atlantida,Middle,2797,1,13
13131  2,7,21,Evangelical / Protestant,Atlantida,Middle,24513,1,13
13141  1,5,29,No religion,Atlantida,Middle,1405,1,13
13151  2,6,25,Evangelical / Protestant,Atlantida,Richer,77831,1,13
13161  2,11,20,Evangelical / Protestant,Atlantida,Richer,50952,1,13
13191  2,6,41,Evangelical / Protestant,Atlantida,Richer,84380,1,13
13191  3,8,22,Evangelical / Protestant,Atlantida,Richer,84380,1,13
13201  2,0,41,Catholic,Atlantida,Richer,64298,1,13
14 21  2,6,31,Evangelical / Protestant,Atlantida,Richest,135270,1,14
14 51  2,17,44,Evangelical / Protestant,Atlantida,Richest,177420,1,14
14 61  2,6,33,Catholic,Atlantida,Richest,125125,1,14
14 71  2,4,27,Evangelical / Protestant,Atlantida,Middle,14795,1,14
14 81  2,6,49,Evangelical / Protestant,Atlantida,Richer,111490,1,14
14 81  5,12,32,Evangelical / Protestant,Atlantida,Richer,111490,1,14
14 91  2,6,48,Catholic,Atlantida,Richer,110979,1,14
14101  3,8,18,Catholic,Atlantida,Richest,156168,1,14
14141  2,5,43,Evangelical / Protestant,Atlantida,Middle,5735,1,14
14141 13,5,17,No religion,Atlantida,Middle,5735,1,14
14151  2,6,30,Evangelical / Protestant,Atlantida,Middle,5696,1,14
14171  2,6,19,Evangelical / Protestant,Atlantida,Richer,70037,1,14
14181  2,6,47,Evangelical / Protestant,Atlantida,Middle,-6586,1,14
14191  2,6,30,Evangelical / Protestant,Atlantida,Richer,81050,1,14
14201  1,6,41,Catholic,Atlantida,Richer,105251,1,14
15 31  2,12,26,Evangelical / Protestant,Atlantida,Richest,197670,1,15
15131  2,3,40,Evangelical / Protestant,Atlantida,Richest,129795,1,15
16 21  2,10,44,Catholic,Atlantida,Richest,170988,1,16
16 21  3,13,25,Catholic,Atlantida,Richest,170988,1,16
16 21  4,6,21,Evangelical / Protestant,Atlantida,Richest,170988,1,16
16 41  2,17,46,Catholic,Atlantida,Richest,198309,1,16
16 61  4,15,30,Catholic,Atlantida,Richest,204169,1,16
16 81  4,17,26,Catholic,Atlantida,Richest,197869,1,16
16151  2,18,45,Catholic,Atlantida,Richest,221342,1,16
17 41  2,5,26,Catholic,Atlantida,Richest,123735,1,17
17 81  2,17,33,Catholic,Atlantida,Richest,135345,1,17
17 91  1,12,37,Evangelical / Protestant,Atlantida,Richest,160922,1,17
17 91  3,11,16,Evangelical / Protestant,Atlantida,Richest,160922,1,17
17131  1,5,45,Evangelical / Protestant,Atlantida,Richer,87423,1,17
17151  2,11,38,Catholic,Atlantida,Richest,141968,1,17
17181  2,12,37,Evangelical / Protestant,Atlantida,Richest,174043,1,17
17191  2,12,27,No religion,Atlantida,Richest,154960,1,17
17191  4,12,32,Evangelical / Protestant,Atlantida,Richest,154960,1,17
18 21  2,17,31,Catholic,Atlantida,Richest,189768,1,18
18 21  6,6,30,Evangelical / Protestant,Atlantida,Richest,189768,1,18
18 41  2,11,40,Catholic,Atlantida,Richer,71438,1,18
18 51  1,6,46,Evangelical / Protestant,Atlantida,Richer,94833,1,18
18 51  3,10,19,Evangelical / Protestant,Atlantida,Richer,94833,1,18
18 71  1,12,42,Evangelical / Protestant,Atlantida,Richest,158063,1,18
18 81  4,6,25,Catholic,Atlantida,Richer,101445,1,18
18 91  2,12,46,Evangelical / Protestant,Atlantida,Richest,185716,1,18
18111  2,16,30,Evangelical / Protestant,Atlantida,Richest,217513,1,18
18131  5,6,30,Evangelical / Protestant,Atlantida,Richer,76148,1,18
18141  2,6,42,Catholic,Atlantida,Richest,128286,1,18
18151  2,17,32,Catholic,Atlantida,Richest,156116,1,18
18191  1,12,40,Catholic,Atlantida,Richest,152299,1,18
18201  2,12,29,Catholic,Atlantida,Richest,123884,1,18
19 11  1,6,44,Catholic,Atlantida,Richest,172858,1,19
19 21  1,9,36,Evangelical / Protestant,Atlantida,Richest,179999,1,19
19 31  2,18,29,Evangelical / Protestant,Atlantida,Richest,222160,1,19
19 51  2,6,32,Catholic,Atlantida,Richest,141742,1,19
19 71  3,17,36,Catholic,Atlantida,Richest,196540,1,19
19111  1,6,27,Evangelical / Protestant,Atlantida,Richer,83535,1,19
19161  1,6,46,Evangelical / Protestant,Atlantida,Middle,2517,1,19
20 11  2,12,46,Catholic,Atlantida,Richest,141644,1,20
20 11  6,12,21,Evangelical / Protestant,Atlantida,Richest,141644,1,20
20 21  2,6,19,Evangelical / Protestant,Atlantida,Middle,14235,1,20
20 31  2,12,25,Evangelical / Protestant,Atlantida,Richer,102342,1,20
20 51  2,9,25,Evangelical / Protestant,Atlantida,Richer,76441,1,20
20 61  2,6,37,Evangelical / Protestant,Atlantida,Richer,74804,1,20
20 71  2,7,27,Evangelical / Protestant,Atlantida,Richer,78072,1,20
20101  1,6,48,Catholic,Atlantida,Richest,125188,1,20
20121  2,12,33,Evangelical / Protestant,Atlantida,Richer,109131,1,20
20141  1,1,48,Catholic,Atlantida,Middle,47251,1,20
20151  2,4,48,Evangelical / Protestant,Atlantida,Middle,25010,1,20
20161  2,12,38,Catholic,Atlantida,Richer,84374,1,20
20171  2,9,28,Catholic,Atlantida,Poorer,-84981,1,20
20181  2,6,43,Evangelical / Protestant,Atlantida,Richer,92348,1,20
20191  2,9,34,Evangelical / Protestant,Atlantida,Middle,15243,1,20
21 31  2,9,42,Evangelical / Protestant,Atlantida,Richest,151210,1,21
21 41  2,12,22,Catholic,Atlantida,Richest,153893,1,21
21 61  2,6,30,Evangelical / Protestant,Atlantida,Middle,35999,1,21
21 81  2,9,29,Evangelical / Protestant,Atlantida,Richer,104764,1,21
21 91  1,10,20,Evangelical / Protestant,Atlantida,Middle,-22399,1,21
21101  2,12,26,Evangelical / Protestant,Atlantida,Richest,169360,1,21
21111  1,4,46,Evangelical / Protestant,Atlantida,Middle,2946,1,21
22 11  1,12,46,Evangelical / Protestant,Atlantida,Richest,122796,1,22
22 21  2,15,24,Catholic,Atlantida,Richest,181119,1,22
22 31  2,13,39,Evangelical / Protestant,Atlantida,Richest,140336,1,22
22 51  2,17,49,Evangelical / Protestant,Atlantida,Richest,169016,1,22
22 61  2,10,21,No religion,Atlantida,Richest,183584,1,22
22 81  2,9,26,No religion,Atlantida,Richer,108276,1,22
22101  2,6,31,Evangelical / Protestant,Atlantida,Richer,107986,1,22
22111  2,11,36,Evangelical / Protestant,Atlantida,Richest,148240,1,22
22111  6,6,42,Evangelical / Protestant,Atlantida,Richest,148240,1,22
22141  2,16,28,Catholic,Atlantida,Richest,141112,1,22
22151  3,16,46,Catholic,Atlantida,Richest,148209,1,22
22181  2,6,35,Evangelical / Protestant,Atlantida,Richer,93222,1,22
22191  2,12,22,Evangelical / Protestant,Atlantida,Richer,95354,1,22
23 41  1,6,29,Evangelical / Protestant,Atlantida,Middle,-18947,1,23
23 51  2,6,33,Evangelical / Protestant,Atlantida,Richer,52204,1,23
23 61  2,6,42,Evangelical / Protestant,Atlantida,Richer,52091,1,23
23 81  1,17,25,Catholic,Atlantida,Richest,166093,1,23
23111  2,12,28,Evangelical / Protestant,Atlantida,Richest,182146,1,23
23121  2,12,39,Catholic,Atlantida,Richest,167318,1,23
23131  2,16,37,Evangelical / Protestant,Atlantida,Richest,156712,1,23
23151  2,6,49,Evangelical / Protestant,Atlantida,Richer,79583,1,23
23151  6,6,27,Evangelical / Protestant,Atlantida,Richer,79583,1,23
23171  2,6,34,Evangelical / Protestant,Atlantida,Richest,170476,1,23
23191  2,11,49,Evangelical / Protestant,Atlantida,Richest,165901,1,23
23201  7,16,37,Catholic,Atlantida,Richest,152695,1,23
24 71  3,6,17,Evangelical / Protestant,Atlantida,Middle,44029,1,24
24 81  1,6,38,Evangelical / Protestant,Atlantida,Richer,58404,1,24
24111  2,7,40,Catholic,Atlantida,Richer,103029,1,24
24121  1,6,36,Evangelical / Protestant,Atlantida,Middle,26564,1,24
24131  2,13,34,Evangelical / Protestant,Atlantida,Richest,156836,1,24
24141  2,2,39,No religion,Atlantida,Middle,46385,1,24
24201  2,6,25,Catholic,Atlantida,Richer,105864,1,24
25 11  2,3,26,Catholic,Atlantida,Middle,9901,1,25
25 21  1,0,49,Catholic,Atlantida,Richest,124410,1,25
25 31  2,12,29,Evangelical / Protestant,Atlantida,Richer,105873,1,25
25 41  2,12,37,No religion,Atlantida,Richer,56989,1,25
25 91  2,3,39,Evangelical / Protestant,Atlantida,Richer,61229,1,25
25111  1,9,39,Evangelical / Protestant,Atlantida,Richest,125397,1,25
25121  1,6,30,No religion,Atlantida,Middle,14523,1,25
25131  2,6,40,No religion,Atlantida,Middle,19379,1,25
25141  2,12,32,Evangelical / Protestant,Atlantida,Middle,23645,1,25
25171  2,8,29,Evangelical / Protestant,Atlantida,Middle,-2627,1,25
25191  2,6,35,Evangelical / Protestant,Atlantida,Middle,44385,1,25
25201  2,6,33,Evangelical / Protestant,Atlantida,Richer,70018,1,25
26 31  5,12,22,Catholic,Atlantida,Richer,109047,1,26
26 71  9,11,20,Evangelical / Protestant,Atlantida,Richer,61896,1,26
26 81  2,11,23,Evangelical / Protestant,Atlantida,Richer,90429,1,26
26131  1,6,39,Evangelical / Protestant,Atlantida,Richer,58822,1,26
26131  5,7,34,Evangelical / Protestant,Atlantida,Richer,58822,1,26
26141  1,9,25,Catholic,Atlantida,Richer,96266,1,26
26151  2,6,46,Evangelical / Protestant,Atlantida,Richer,110211,1,26
26161  2,6,47,Catholic,Atlantida,Richest,149891,1,26
26181  2,12,22,Catholic,Atlantida,Richest,129057,1,26
27 31  2,16,29,Catholic,Atlantida,Richest,123788,1,27
27 41  2,6,31,Catholic,Atlantida,Richer,91939,1,27
27 51  3,12,18,Evangelical / Protestant,Atlantida,Richest,123399,1,27
27 51  4,6,19,Evangelical / Protestant,Atlantida,Richest,123399,1,27
27 71  1,6,25,Evangelical / Protestant,Atlantida,Richer,49831,1,27
27 81  2,12,35,Catholic,Atlantida,Richer,61551,1,27
27 91  1,6,24,Evangelical / Protestant,Atlantida,Richer,93991,1,27
27101  2,17,44,Evangelical / Protestant,Atlantida,Richer,105804,1,27
27111  2,6,25,Evangelical / Protestant,Atlantida,Richer,102804,1,27
27121  1,0,43,Evangelical / Protestant,Atlantida,Middle,-14636,1,27
27131  5,6,29,Evangelical / Protestant,Atlantida,Poorer,-90318,1,27
27151  1,3,49,Evangelical / Protestant,Atlantida,Middle,30212,1,27
27161  2,0,37,Evangelical / Protestant,Atlantida,Poorer,-45162,1,27
27181  2,9,49,Evangelical / Protestant,Atlantida,Richest,131715,1,27
27181  4,9,25,Evangelical / Protestant,Atlantida,Richest,131715,1,27
27201  1,2,49,Evangelical / Protestant,Atlantida,Middle,-18622,1,27
28 11  1,8,31,Catholic,Atlantida,Richest,152003,1,28
28 21  6,12,26,No religion,Atlantida,Richest,162244,1,28
28 71  1,2,45,Evangelical / Protestant,Atlantida,Richest,150951,1,28
28 71  7,11,21,Evangelical / Protestant,Atlantida,Richest,150951,1,28
28 81  2,8,44,Evangelical / Protestant,Atlantida,Richest,164170,1,28
28 81  4,14,20,Evangelical / Protestant,Atlantida,Richest,164170,1,28
28101  1,9,43,Evangelical / Protestant,Atlantida,Richer,94878,1,28
28121  2,8,29,Evangelical / Protestant,Atlantida,Richest,146538,1,28
28161  2,2,48,Catholic,Atlantida,Middle,29178,1,28
29 41  1,4,45,Evangelical / Protestant,Atlantida,Richer,70964,1,29
29 51  1,0,43,Catholic,Atlantida,Middle,412,1,29
29 61  2,6,47,Catholic,Atlantida,Richer,87368,1,29
29 61  3,12,26,Evangelical / Protestant,Atlantida,Richer,87368,1,29
29 71  2,12,27,Catholic,Atlantida,Middle,23819,1,29
29101  2,4,42,Evangelical / Protestant,Atlantida,Richest,128665,1,29
29111  2,6,33,Evangelical / Protestant,Atlantida,Richer,95049,1,29
29141  2,12,44,Evangelical / Protestant,Atlantida,Richest,157605,1,29
29141  4,12,18,No religion,Atlantida,Richest,157605,1,29
29151  4,11,31,Evangelical / Protestant,Atlantida,Richest,148275,1,29
29161  2,12,25,Evangelical / Protestant,Atlantida,Richer,73242,1,29
29171  2,15,32,Catholic,Atlantida,Richest,121687,1,29
29191  2,12,34,Catholic,Atlantida,Richest,142422,1,29
30 11  2,10,30,Evangelical / Protestant,Atlantida,Richer,73779,1,30
30 21  2,6,27,Evangelical / Protestant,Atlantida,Richest,155112,1,30
30 41  1,2,48,Evangelical / Protestant,Atlantida,Richer,104212,1,30
30 51  2,6,38,Other,Atlantida,Richer,107163,1,30
30 71  4,6,27,No religion,Atlantida,Richest,124582,1,30
30 81  1,11,35,Evangelical / Protestant,Atlantida,Richer,113734,1,30
30101  1,12,36,Evangelical / Protestant,Atlantida,Richer,84486,1,30
30111  3,12,28,Catholic,Atlantida,Richer,76415,1,30
30131  3,6,31,Evangelical / Protestant,Atlantida,Richer,53902,1,30
30131  5,10,25,Evangelical / Protestant,Atlantida,Richer,53902,1,30
30141  2,6,29,Evangelical / Protestant,Atlantida,Richer,85768,1,30
30181  2,12,26,Evangelical / Protestant,Atlantida,Richer,101371,1,30
30191  1,4,47,Evangelical / Protestant,Atlantida,Richer,93750,1,30
31 11  2,0,38,Evangelical / Protestant,Atlantida,Richer,83298,1,31
31 21  1,6,38,Catholic,Atlantida,Richest,181768,1,31
31 31  1,14,28,Evangelical / Protestant,Atlantida,Richer,112934,1,31
31 31  4,10,47,Catholic,Atlantida,Richer,112934,1,31
31 41  1,12,44,Evangelical / Protestant,Atlantida,Middle,37604,1,31
31 51  2,14,29,Other,Atlantida,Richest,138692,1,31
31 61  2,12,43,Catholic,Atlantida,Richest,161981,1,31
31101  1,12,34,No religion,Atlantida,Richer,104858,1,31
31131  2,12,33,No religion,Atlantida,Middle,37775,1,31
31151  1,6,46,Evangelical / Protestant,Atlantida,Richer,109957,1,31
31151  4,12,27,Evangelical / Protestant,Atlantida,Richer,109957,1,31
31171  2,6,36,Evangelical / Protestant,Atlantida,Richest,139517,1,31
31181  2,0,46,No religion,Atlantida,Middle,39688,1,31
32 11  4,7,43,Evangelical / Protestant,Atlantida,Richer,106911,1,32
32 21  1,6,36,Evangelical / Protestant,Atlantida,Richer,100797,1,32
32 21  3,6,33,Evangelical / Protestant,Atlantida,Richer,100797,1,32
32 31  2,6,25,Evangelical / Protestant,Atlantida,Richest,122992,1,32
32 31  4,6,35,Evangelical / Protestant,Atlantida,Richest,122992,1,32
32 41  3,15,21,Catholic,Atlantida,Richer,72125,1,32
32 61  2,3,25,Catholic,Atlantida,Richer,90356,1,32
32 91  2,6,22,Catholic,Atlantida,Richer,97526,1,32
32131  2,12,33,Evangelical / Protestant,Atlantida,Richer,108347,1,32
32151  5,12,21,No religion,Atlantida,Richest,192881,1,32
32201  3,11,26,No religion,Atlantida,Richer,102311,1,32
32201  7,6,24,No religion,Atlantida,Richer,102311,1,32
33 11  2,13,32,Catholic,Atlantida,Richest,152430,1,33
33 11  5,8,17,Evangelical / Protestant,Atlantida,Richest,152430,1,33
33 31  2,9,24,Catholic,Atlantida,Richest,141143,1,33
33 51  5,4,42,Evangelical / Protestant,Atlantida,Richest,134584,1,33
33 61  2,6,29,Evangelical / Protestant,Atlantida,Middle,10042,1,33
33 61  5,8,18,Evangelical / Protestant,Atlantida,Middle,10042,1,33
33 71  2,6,32,Evangelical / Protestant,Atlantida,Richest,136263,1,33
33 81  1,6,37,Catholic,Atlantida,Richer,97888,1,33
33 91  2,12,39,Catholic,Atlantida,Richer,80022,1,33
33101  1,6,38,Evangelical / Protestant,Atlantida,Richer,96363,1,33
33111  4,1,25,Catholic,Atlantida,Richer,53927,1,33
33131  1,11,49,Evangelical / Protestant,Atlantida,Richest,150506,1,33
33151  1,6,36,Evangelical / Protestant,Atlantida,Middle,40328,1,33
33161  2,5,32,Evangelical / Protestant,Atlantida,Richer,65469,1,33
33181  1,6,28,Evangelical / Protestant,Atlantida,Middle,6070,1,33
33191  2,0,48,Evangelical / Protestant,Atlantida,Poorest,-125849,1,33
33201  2,0,47,Evangelical / Protestant,Atlantida,Poorer,-48984,1,33
34 21  1,6,38,Evangelical / Protestant,Atlantida,Richer,50029,1,34
34 51  2,10,38,No religion,Atlantida,Richest,123410,1,34
34 61  1,6,24,Catholic,Atlantida,Richest,125329,1,34
34 61  3,6,22,No religion,Atlantida,Richest,125329,1,34
34 71  3,12,26,Evangelical / Protestant,Atlantida,Richest,127189,1,34
34 91  1,11,47,Catholic,Atlantida,Richer,95364,1,34
34131  1,9,48,Catholic,Atlantida,Richest,145416,1,34
34161  2,6,24,Evangelical / Protestant,Atlantida,Middle,40424,1,34
35 21  2,9,21,Catholic,Atlantida,Richest,139015,1,35
35 31  2,6,30,Catholic,Atlantida,Richer,109521,1,35
35 51  2,9,41,Evangelical / Protestant,Atlantida,Richest,144514,1,35
35 71  2,14,25,Evangelical / Protestant,Atlantida,Richest,128568,1,35
35 82  2,6,17,Evangelical / Protestant,Atlantida,Poorer,-46875,1,35
35 83  1,6,32,Evangelical / Protestant,Atlantida,Middle,38535,1,35
35 83  4,6,25,Evangelical / Protestant,Atlantida,Middle,38535,1,35
35 91  2,5,32,Evangelical / Protestant,Atlantida,Middle,-8118,1,35
35121  2,12,34,Evangelical / Protestant,Atlantida,Richest,128248,1,35
35151  3,7,23,Catholic,Atlantida,Richer,91131,1,35
35151  9,8,17,Catholic,Atlantida,Richer,91131,1,35
35161  1,3,42,Catholic,Atlantida,Richer,109138,1,35
35161  4,6,19,Evangelical / Protestant,Atlantida,Richer,109138,1,35
35171  2,5,38,Catholic,Atlantida,Richer,117602,1,35
35171  4,7,16,Catholic,Atlantida,Richer,117602,1,35
35181  2,6,49,Evangelical / Protestant,Atlantida,Middle,394,1,35
35191  1,6,43,Evangelical / Protestant,Atlantida,Middle,37592,1,35
35191  3,12,30,Evangelical / Protestant,Atlantida,Middle,37592,1,35
35201  1,15,44,Evangelical / Protestant,Atlantida,Richest,151870,1,35
36 41  2,6,24,Evangelical / Protestant,Atlantida,Middle,-29050,1,36
36 51  1,2,42,Catholic,Atlantida,Richer,68779,1,36
36 61  1,0,47,Catholic,Atlantida,Middle,-2830,1,36
36 71  2,5,23,Evangelical / Protestant,Atlantida,Poorer,-77622,1,36
36 81  2,1,18,No religion,Atlantida,Poorer,-40716,1,36
36 91  2,1,27,Evangelical / Protestant,Atlantida,Poorer,-70962,1,36
36 91  6,6,16,Evangelical / Protestant,Atlantida,Poorer,-70962,1,36
36101  2,3,36,Evangelical / Protestant,Atlantida,Poorer,-47529,1,36
36111  1,6,38,Evangelical / Protestant,Atlantida,Middle,20107,1,36
36111  3,12,20,Evangelical / Protestant,Atlantida,Middle,20107,1,36
36121  1,5,29,Evangelical / Protestant,Atlantida,Middle,44507,1,36
36131  2,6,33,Catholic,Atlantida,Richer,64303,1,36
36141  1,2,45,Catholic,Atlantida,Poorer,-39431,1,36
36151  2,9,23,Catholic,Atlantida,Richer,52865,1,36
36161  2,6,30,No religion,Atlantida,Richest,160585,1,36
36171  2,6,26,Evangelical / Protestant,Atlantida,Richer,107042,1,36
36191  2,2,47,Evangelical / Protestant,Atlantida,Middle,-845,1,36
36201  1,6,32,Evangelical / Protestant,Atlantida,Richer,88452,1,36
37 11  1,6,40,Catholic,Atlantida,Poorer,-33626,1,37
37 21  1,6,43,Catholic,Atlantida,Middle,19096,1,37
37 21  3,10,23,Catholic,Atlantida,Middle,19096,1,37
37 31  2,7,20,Evangelical / Protestant,Atlantida,Richest,129534,1,37
37 41  1,5,49,Catholic,Atlantida,Middle,-5764,1,37
37 61  2,4,22,No religion,Atlantida,Middle,13853,1,37
37 71  1,6,33,Catholic,Atlantida,Middle,17878,1,37
37 81  2,6,30,Evangelical / Protestant,Atlantida,Middle,44501,1,37
37 91  1,9,32,Evangelical / Protestant,Atlantida,Richer,53195,1,37
37121  1,6,41,Evangelical / Protestant,Atlantida,Richest,141533,1,37
37131  2,6,38,Evangelical / Protestant,Atlantida,Middle,39674,1,37
37141  1,6,38,Catholic,Atlantida,Richer,56119,1,37
37161  1,5,20,Catholic,Atlantida,Poorest,-92770,1,37
37191  3,6,18,Evangelical / Protestant,Atlantida,Middle,3401,1,37
38 11  2,3,32,Evangelical / Protestant,Atlantida,Poorer,-30941,0,38
38 31  5,0,21,No religion,Atlantida,Poorest,-111532,0,38
38 31  7,5,37,Catholic,Atlantida,Poorest,-111532,0,38
38 71  2,5,46,Evangelical / Protestant,Atlantida,Poorest,-114449,0,38
38 81  2,5,18,Evangelical / Protestant,Atlantida,Poorer,-76084,0,38
38 91  3,2,25,Evangelical / Protestant,Atlantida,Poorer,-75260,0,38
38 91  7,1,23,Evangelical / Protestant,Atlantida,Poorer,-75260,0,38
38131  2,0,37,Catholic,Atlantida,Poorest,-113458,0,38
38151  1,3,39,Catholic,Atlantida,Poorer,-54264,0,38
38151  6,9,19,Catholic,Atlantida,Poorer,-54264,0,38
38161  4,6,24,Evangelical / Protestant,Atlantida,Poorer,-39304,0,38
38171  2,2,41,Catholic,Atlantida,Poorest,-99393,0,38
38191  2,0,29,Evangelical / Protestant,Atlantida,Poorest,-151848,0,38
39 21  2,6,36,Evangelical / Protestant,Atlantida,Poorer,-55214,0,39
39 31  2,0,47,Evangelical / Protestant,Atlantida,Poorer,-72167,0,39
39 41  2,2,44,Evangelical / Protestant,Atlantida,Poorer,-62223,0,39
39 51  2,0,25,Catholic,Atlantida,Poorest,-126660,0,39
39 81  2,3,36,Evangelical / Protestant,Atlantida,Poorest,-125141,0,39
39101  2,0,48,Catholic,Atlantida,Poorer,-81631,0,39
39121  1,3,45,Evangelical / Protestant,Atlantida,Poorer,-83117,0,39
39131  2,4,32,Evangelical / Protestant,Atlantida,Poorer,-65740,0,39
39151  2,8,21,Evangelical / Protestant,Atlantida,Poorest,-129602,0,39
39181  2,6,39,Evangelical / Protestant,Atlantida,Poorest,-114680,0,39
39191  2,6,40,Evangelical / Protestant,Atlantida,Poorer,-78947,0,39
39201  2,6,23,Evangelical / Protestant,Atlantida,Poorest,-121294,0,39
40 11  2,12,28,Evangelical / Protestant,Atlantida,Richest,198754,0,40
40 21  2,16,40,Catholic,Atlantida,Richest,164843,0,40
40 31  1,16,40,Catholic,Atlantida,Richest,149367,0,40
40 41  1,17,41,No religion,Atlantida,Richest,200952,0,40
40 51  2,16,41,Evangelical / Protestant,Atlantida,Richest,190348,0,40
40 61  2,6,28,Evangelical / Protestant,Atlantida,Richest,133638,0,40
40 91  1,12,35,Evangelical / Protestant,Atlantida,Richest,138547,0,40
40111  2,14,30,Catholic,Atlantida,Richest,142952,0,40
40131  2,15,42,Evangelical / Protestant,Atlantida,Richest,122901,0,40
40151  2,16,38,Evangelical / Protestant,Atlantida,Richest,167285,0,40
40171  2,6,24,No religion,Atlantida,Poorer,-70160,0,40
40191  2,0,35,Evangelical / Protestant,Atlantida,Poorer,-79276,0,40
41 11  2,4,24,Evangelical / Protestant,Atlantida,Middle,-2987,0,41
41 21  2,3,28,Evangelical / Protestant,Atlantida,Poorer,-67756,0,41
41 31  2,4,35,Evangelical / Protestant,Atlantida,Middle,431,0,41
41 41  1,0,48,Catholic,Atlantida,Poorest,-98744,0,41
41 51  2,0,33,Catholic,Atlantida,Poorest,-93154,0,41
41 61  2,6,23,Catholic,Atlantida,Middle,4925,0,41
41 81  4,6,19,Catholic,Atlantida,Poorer,-81666,0,41
41 91  2,6,32,Catholic,Atlantida,Middle,-753,0,41
41101  2,6,26,Catholic,Atlantida,Poorer,-68730,0,41
41111  2,12,27,Catholic,Atlantida,Poorer,-49226,0,41
41121  4,2,24,No religion,Atlantida,Poorer,-75731,0,41
41141  2,3,44,Catholic,Atlantida,Poorer,-73611,0,41
41161  2,8,44,Evangelical / Protestant,Atlantida,Richest,178758,0,41
41161  6,9,18,Catholic,Atlantida,Richest,178758,0,41
41171  2,6,30,Evangelical / Protestant,Atlantida,Middle,10288,0,41
41191  2,4,44,Evangelical / Protestant,Atlantida,Poorest,-103719,0,41
41201  2,7,19,Evangelical / Protestant,Atlantida,Poorer,-84874,0,41
42 21  2,0,42,Evangelical / Protestant,Atlantida,Poorer,-43886,0,42
42 21  4,7,17,Evangelical / Protestant,Atlantida,Poorer,-43886,0,42
42 22  2,5,21,Catholic,Atlantida,Middle,10420,0,42
42 51  2,7,35,Evangelical / Protestant,Atlantida,Middle,-3202,0,42
42 71  2,1,40,Catholic,Atlantida,Middle,-21791,0,42
42 81  4,6,26,No religion,Atlantida,Poorer,-52408,0,42
42 91  2,4,29,Evangelical / Protestant,Atlantida,Middle,-26547,0,42
42101  2,5,30,Evangelical / Protestant,Atlantida,Middle,-24118,0,42
42121  2,6,28,Catholic,Atlantida,Poorest,-98492,0,42
42141  2,5,22,Catholic,Atlantida,Poorer,-79534,0,42
42161  2,12,24,Catholic,Atlantida,Poorer,-84830,0,42
42171  2,2,34,Evangelical / Protestant,Atlantida,Middle,-5592,0,42
42181  1,4,21,No religion,Atlantida,Middle,26909,0,42
42192  2,3,34,Catholic,Atlantida,Poorer,-64503,0,42
42192  7,7,16,Evangelical / Protestant,Atlantida,Poorer,-64503,0,42
42201  1,6,18,Catholic,Atlantida,Poorest,-102736,0,42
43 31  2,6,42,Evangelical / Protestant,Atlantida,Poorer,-53236,0,43
43 41  1,6,33,Evangelical / Protestant,Atlantida,Poorer,-72890,0,43
43 51  3,6,26,Evangelical / Protestant,Atlantida,Poorest,-98204,0,43
43 62  2,6,20,No religion,Atlantida,Poorest,-99197,0,43
43 71  2,10,18,No religion,Atlantida,Poorest,-108526,0,43
43 81  5,7,34,No religion,Atlantida,Poorer,-48961,0,43
43101  2,7,31,Catholic,Atlantida,Middle,17771,0,43
43111  1,6,49,Catholic,Atlantida,Poorer,-38177,0,43
43121  2,6,27,Evangelical / Protestant,Atlantida,Poorest,-101240,0,43
43131  1,0,42,Evangelical / Protestant,Atlantida,Poorest,-127253,0,43
43151  5,6,33,Catholic,Atlantida,Middle,-22113,0,43
43161  2,6,28,Evangelical / Protestant,Atlantida,Middle,33093,0,43
43181  3,12,30,Catholic,Atlantida,Middle,-16854,0,43
43201  2,6,42,Catholic,Atlantida,Poorer,-34128,0,43
43201  3,0,15,Catholic,Atlantida,Poorer,-34128,0,43
44 11  2,6,30,Evangelical / Protestant,Atlantida,Middle,-25837,0,44
44 31  2,5,21,Evangelical / Protestant,Atlantida,Middle,-2074,0,44
44 61  2,1,27,Evangelical / Protestant,Atlantida,Middle,18062,0,44
44 81  2,6,31,No religion,Atlantida,Middle,-4716,0,44
44 91  2,2,31,Evangelical / Protestant,Atlantida,Middle,3740,0,44
44101  1,2,42,No religion,Atlantida,Middle,12331,0,44
44111  2,8,25,Evangelical / Protestant,Atlantida,Richer,70742,0,44
44121  1,14,42,Evangelical / Protestant,Atlantida,Richer,111085,0,44
44131  2,3,42,Evangelical / Protestant,Atlantida,Richer,49008,0,44
44141  2,6,30,No religion,Atlantida,Richer,66726,0,44
44151  2,5,43,Evangelical / Protestant,Atlantida,Middle,45739,0,44
44171  2,6,39,Evangelical / Protestant,Atlantida,Middle,-6057,0,44
44171  5,12,19,Evangelical / Protestant,Atlantida,Middle,-6057,0,44
44181  2,6,40,Catholic,Atlantida,Middle,-18066,0,44
44191  2,6,33,Evangelical / Protestant,Atlantida,Poorer,-72131,0,44
45 21  2,6,17,Evangelical / Protestant,Atlantida,Poorer,-72150,0,45
45 31  2,5,43,Evangelical / Protestant,Atlantida,Middle,8278,0,45
45 31  6,6,23,Evangelical / Protestant,Atlantida,Middle,8278,0,45
45 41  2,6,25,No religion,Atlantida,Poorer,-77345,0,45
45 61  2,2,44,Evangelical / Protestant,Atlantida,Poorer,-85373,0,45
45 71  3,6,36,No religion,Atlantida,Poorest,-96026,0,45
45 91  2,4,40,Evangelical / Protestant,Atlantida,Poorer,-90514,0,45
45112  2,3,19,No religion,Atlantida,Poorest,-120370,0,45
45121  2,3,27,Evangelical / Protestant,Atlantida,Poorer,-79741,0,45
45131  2,0,44,Evangelical / Protestant,Atlantida,Poorest,-122081,0,45
45141  2,9,39,Evangelical / Protestant,Atlantida,Poorest,-124478,0,45
45151  2,6,30,Evangelical / Protestant,Atlantida,Poorest,-115749,0,45
46 21  5,6,32,Evangelical / Protestant,Atlantida,Poorer,-43319,0,46
46 61  2,9,17,No religion,Atlantida,Poorer,-42617,0,46
46 71  2,6,37,Catholic,Atlantida,Poorest,-93163,0,46
46 81  5,12,31,Catholic,Atlantida,Richest,125692,0,46
46 91  2,6,41,Evangelical / Protestant,Atlantida,Middle,27603,0,46
46 91  6,6,32,Evangelical / Protestant,Atlantida,Middle,27603,0,46
46111  2,7,41,Evangelical / Protestant,Atlantida,Richer,66067,0,46
46131  2,6,30,Evangelical / Protestant,Atlantida,Poorer,-55658,0,46
46141  2,6,22,Evangelical / Protestant,Atlantida,Middle,-14988,0,46
46151  1,6,48,Catholic,Atlantida,Middle,-14098,0,46
46151  4,11,27,Catholic,Atlantida,Middle,-14098,0,46
46161  4,8,25,Catholic,Atlantida,Middle,9195,0,46
46171  2,4,44,Catholic,Atlantida,Richer,108643,0,46
46181  2,4,48,Catholic,Atlantida,Poorer,-73927,0,46
46201  2,9,38,Evangelical / Protestant,Atlantida,Richer,95322,0,46
46201  5,8,15,Evangelical / Protestant,Atlantida,Richer,95322,0,46
47 31  2,1,28,Catholic,Atlantida,Poorest,-144256,0,47
47 41  2,0,42,Evangelical / Protestant,Atlantida,Poorest,-133817,0,47
47 81  2,5,35,No religion,Atlantida,Poorer,-82923,0,47
47 91  2,0,21,Catholic,Atlantida,Poorer,-78165,0,47
47101  2,3,31,Catholic,Atlantida,Poorest,-106008,0,47
47121  2,0,30,Evangelical / Protestant,Atlantida,Poorest,-124388,0,47
47131  3,4,35,Evangelical / Protestant,Atlantida,Middle,-24560,0,47
47131  7,10,19,Evangelical / Protestant,Atlantida,Middle,-24560,0,47
47141  2,3,25,Catholic,Atlantida,Poorer,-78048,0,47
47151  2,6,26,Catholic,Atlantida,Poorer,-72485,0,47
47191  2,1,46,Catholic,Atlantida,Poorest,-100274,0,47
48 21  2,9,44,Evangelical / Protestant,Atlantida,Richer,71985,0,48
48 31  2,6,26,Evangelical / Protestant,Atlantida,Richer,97260,0,48
48 41  1,6,30,Evangelical / Protestant,Atlantida,Richer,87247,0,48
48 51  2,6,34,Evangelical / Protestant,Atlantida,Richest,144716,0,48
48 61  2,11,29,Catholic,Atlantida,Richer,98056,0,48
48 71  2,12,21,Other,Atlantida,Middle,40179,0,48
48 81  1,6,29,Evangelical / Protestant,Atlantida,Richer,67910,0,48
48101  2,6,45,Evangelical / Protestant,Atlantida,Middle,23643,0,48
48111  2,7,31,Evangelical / Protestant,Atlantida,Richer,111178,0,48
48131  4,6,20,Evangelical / Protestant,Atlantida,Middle,10640,0,48
48141  2,6,43,Evangelical / Protestant,Atlantida,Richer,73186,0,48
48151  2,9,29,No religion,Atlantida,Richer,83130,0,48
48171  2,7,32,Catholic,Atlantida,Richest,139395,0,48
48191  2,6,46,No religion,Atlantida,Poorer,-48200,0,48
48191  5,6,15,No religion,Atlantida,Poorer,-48200,0,48
48201  1,12,24,Catholic,Atlantida,Richer,70509,0,48
48201  5,6,44,Catholic,Atlantida,Richer,70509,0,48
49 11  2,6,29,Catholic,Atlantida,Middle,13409,0,49
49 21  2,4,21,Evangelical / Protestant,Atlantida,Poorer,-77009,0,49
49 41  1,6,43,Evangelical / Protestant,Atlantida,Poorer,-84634,0,49
49 51  2,6,26,Evangelical / Protestant,Atlantida,Poorer,-79114,0,49
49 61  2,2,36,Evangelical / Protestant,Atlantida,Middle,-20562,0,49
49 71  2,4,34,Catholic,Atlantida,Poorest,-104783,0,49
49 81  2,6,21,No religion,Atlantida,Poorer,-46776,0,49
49 91  2,5,26,Catholic,Atlantida,Poorer,-85834,0,49
49111  1,0,49,Catholic,Atlantida,Poorest,-128443,0,49
49131  2,1,39,Catholic,Atlantida,Poorer,-75449,0,49
49141  2,6,28,No religion,Atlantida,Poorest,-121521,0,49
49151  2,2,38,Evangelical / Protestant,Atlantida,Poorer,-63113,0,49
49171  2,6,22,Catholic,Atlantida,Poorer,-67559,0,49
49191  2,6,29,Evangelical / Protestant,Atlantida,Middle,37143,0,49
50 11  5,6,18,Catholic,Atlantida,Poorer,-79898,0,50
50 21  2,6,23,No religion,Atlantida,Poorer,-81691,0,50
50 41  2,12,35,No religion,Atlantida,Poorer,-50688,0,50
50 51  2,5,42,Evangelical / Protestant,Atlantida,Poorer,-89348,0,50
50 81  1,4,34,Evangelical / Protestant,Atlantida,Poorest,-105529,0,50
50 91  2,6,20,No religion,Atlantida,Poorer,-80149,0,50
50101  2,4,44,Evangelical / Protestant,Atlantida,Poorer,-57327,0,50
50101  3,6,26,No religion,Atlantida,Poorer,-57327,0,50
50101  4,7,20,Evangelical / Protestant,Atlantida,Poorer,-57327,0,50
50111  2,6,36,Catholic,Atlantida,Poorer,-87429,0,50
50121  2,3,26,Evangelical / Protestant,Atlantida,Poorest,-106567,0,50
50131  4,6,19,No religion,Atlantida,Poorest,-102527,0,50
50141  1,6,32,Evangelical / Protestant,Atlantida,Poorest,-116840,0,50
50151  2,0,26,No religion,Atlantida,Poorer,-74743,0,50
50161  2,2,37,Catholic,Atlantida,Poorer,-48072,0,50
50161  7,4,16,No religion,Atlantida,Poorer,-48072,0,50
50201  2,5,32,Evangelical / Protestant,Atlantida,Middle,7102,0,50
51 11  4,6,24,Evangelical / Protestant,Atlantida,Middle,4477,0,51
51 11  9,9,19,Evangelical / Protestant,Atlantida,Middle,4477,0,51
51 31  1,8,36,Evangelical / Protestant,Atlantida,Richer,53513,0,51
51 41  5,5,19,Evangelical / Protestant,Atlantida,Poorer,-37124,0,51
51 51  2,8,18,Evangelical / Protestant,Atlantida,Middle,29840,0,51
51 61  2,6,25,Evangelical / Protestant,Atlantida,Middle,26279,0,51
51 91  2,6,44,Evangelical / Protestant,Atlantida,Middle,-14054,0,51
51131  4,15,19,Evangelical / Protestant,Atlantida,Poorest,-94322,0,51
51151  2,5,30,Evangelical / Protestant,Atlantida,Poorest,-112425,0,51
51171  2,0,32,Catholic,Atlantida,Poorest,-103280,0,51
51191  2,2,36,Evangelical / Protestant,Atlantida,Poorer,-72612,0,51
51201  2,1,41,Catholic,Atlantida,Poorer,-40530,0,51
52 11  2,0,26,No religion,Atlantida,Poorer,-82021,0,52
52 21  2,2,46,Evangelical / Protestant,Atlantida,Richer,59000,0,52
52 41  2,11,29,Evangelical / Protestant,Atlantida,Poorer,-55305,0,52
52 51  2,6,49,Evangelical / Protestant,Atlantida,Middle,-29642,0,52
52 61  2,14,42,Evangelical / Protestant,Atlantida,Richest,124887,0,52
52 71  2,6,36,Evangelical / Protestant,Atlantida,Middle,-18188,0,52
52 91  2,3,37,Evangelical / Protestant,Atlantida,Poorest,-103606,0,52
52111  1,6,43,Evangelical / Protestant,Atlantida,Poorer,-78219,0,52
52131  2,6,26,Evangelical / Protestant,Atlantida,Middle,-21643,0,52
52141  1,0,46,Evangelical / Protestant,Atlantida,Poorer,-49672,0,52
52141  4,12,25,Catholic,Atlantida,Poorer,-49672,0,52
52161  2,3,28,Evangelical / Protestant,Atlantida,Richer,53766,0,52
52171  2,6,39,Catholic,Atlantida,Middle,-2455,0,52
52201  2,0,31,Evangelical / Protestant,Atlantida,Poorer,-69581,0,52
53 11  2,3,28,Catholic,Atlantida,Poorer,-60762,0,53
53 21  1,1,22,Evangelical / Protestant,Atlantida,Middle,-18491,0,53
53 41  2,6,27,No religion,Atlantida,Poorer,-74552,0,53
53 61  2,12,32,Catholic,Atlantida,Richer,55600,0,53
53 91  2,6,45,Catholic,Atlantida,Middle,30452,0,53
53 91  5,12,26,Catholic,Atlantida,Middle,30452,0,53
53111  8,12,32,Catholic,Atlantida,Richer,85100,0,53
53121  2,6,21,No religion,Atlantida,Poorer,-67979,0,53
53131  2,4,39,Evangelical / Protestant,Atlantida,Middle,-26779,0,53
53151  2,6,20,No religion,Atlantida,Middle,-1944,0,53
53171  2,12,39,Evangelical / Protestant,Atlantida,Richest,137334,0,53
53181  2,7,22,Evangelical / Protestant,Atlantida,Richer,87510,0,53
54 11  4,12,37,Evangelical / Protestant,Atlantida,Richest,123665,0,54
54 21  2,9,26,Evangelical / Protestant,Atlantida,Middle,12812,0,54
54 41  2,6,27,Catholic,Atlantida,Richer,87496,0,54
54 61  2,5,36,Catholic,Atlantida,Poorer,-61864,0,54
54 71  2,2,46,Evangelical / Protestant,Atlantida,Poorer,-40295,0,54
54111  4,3,16,Catholic,Atlantida,Poorer,-42667,0,54
54121  3,6,28,Catholic,Atlantida,Middle,6530,0,54
54141  2,6,38,Catholic,Atlantida,Middle,17962,0,54
54161  2,1,23,Evangelical / Protestant,Atlantida,Poorest,-118044,0,54
54181  1,6,31,Evangelical / Protestant,Atlantida,Poorer,-42937,0,54
54191  2,6,21,Evangelical / Protestant,Atlantida,Poorer,-53082,0,54
55 11  2,4,24,Catholic,Atlantida,Poorest,-111659,0,55
55 21  2,7,29,Catholic,Atlantida,Middle,-19510,0,55
55 41  6,6,21,Catholic,Atlantida,Poorer,-40452,0,55
55 51  2,4,40,Catholic,Atlantida,Middle,-27056,0,55
55 61  8,6,24,Catholic,Atlantida,Poorer,-49673,0,55
55 71  2,6,32,Catholic,Atlantida,Poorer,-42999,0,55
55 91  2,6,21,Evangelical / Protestant,Atlantida,Poorest,-110617,0,55
55121  2,6,23,Evangelical / Protestant,Atlantida,Poorest,-99311,0,55
55131  2,3,29,No religion,Atlantida,Poorest,-98355,0,55
55141  2,2,31,Evangelical / Protestant,Atlantida,Poorest,-118109,0,55
55161  2,6,32,Catholic,Atlantida,Poorest,-101275,0,55
55181  2,6,36,Catholic,Atlantida,Poorer,-70128,0,55
55191  6,6,19,Catholic,Atlantida,Poorer,-70747,0,55
56 11  2,5,20,No religion,Atlantida,Poorer,-31565,0,56
56 21  2,2,39,Evangelical / Protestant,Atlantida,Middle,-26334,0,56
56 41  2,0,45,Catholic,Atlantida,Middle,-9194,0,56
56 81  2,6,28,No religion,Atlantida,Richer,84323,0,56
56 91  2,5,18,Evangelical / Protestant,Atlantida,Middle,-13765,0,56
56101  3,4,29,Catholic,Atlantida,Middle,-14836,0,56
56111  2,9,33,Evangelical / Protestant,Atlantida,Richer,79543,0,56
56121  5,0,33,Catholic,Atlantida,Poorer,-71524,0,56
56151  1,6,32,Evangelical / Protestant,Atlantida,Richer,107604,0,56
56171  2,6,18,Catholic,Atlantida,Middle,-30718,0,56
56191  1,8,22,No religion,Atlantida,Poorer,-76517,0,56
56201  1,3,37,No religion,Atlantida,Poorer,-80453,0,56
57 21  1,3,46,Catholic,Atlantida,Poorest,-141421,0,57
57 71  2,6,32,Evangelical / Protestant,Atlantida,Richer,59511,0,57
57 91  2,4,35,Evangelical / Protestant,Atlantida,Poorer,-68732,0,57
57101  2,6,25,Evangelical / Protestant,Atlantida,Poorest,-98101,0,57
57121  2,4,31,Evangelical / Protestant,Atlantida,Poorer,-33966,0,57
57131  3,6,37,Catholic,Atlantida,Poorer,-44104,0,57
57151  2,6,46,No religion,Atlantida,Middle,18164,0,57
57161  1,11,44,Catholic,Atlantida,Middle,47302,0,57
57181  2,6,46,Evangelical / Protestant,Atlantida,Middle,5862,0,57
57182  2,6,17,Evangelical / Protestant,Atlantida,Middle,-19506,0,57
58 11  2,6,31,Evangelical / Protestant,Atlantida,Poorer,-33352,0,58
58 31  5,3,39,,Atlantida,Poorer,-91078,0,58
58 31  8,5,35,Evangelical / Protestant,Atlantida,Poorer,-91078,0,58
58 31 11,6,27,Evangelical / Protestant,Atlantida,Poorer,-91078,0,58
58 71  2,6,38,Catholic,Atlantida,Poorer,-39123,0,58
58 81  2,0,44,Evangelical / Protestant,Atlantida,Poorest,-112581,0,58
58 91  2,4,35,Evangelical / Protestant,Atlantida,Poorest,-104703,0,58
58121  2,6,36,Catholic,Atlantida,Poorer,-90672,0,58
58132  2,10,22,Evangelical / Protestant,Atlantida,Poorest,-97480,0,58
58171  3,0,34,Catholic,Atlantida,Poorer,-86133,0,58
59 21  2,0,46,Catholic,Atlantida,Poorer,-51014,0,59
59 41  2,0,42,Catholic,Atlantida,Poorest,-100534,0,59
59 51  2,6,20,Evangelical / Protestant,Atlantida,Poorest,-120996,0,59
59 61  2,0,36,Evangelical / Protestant,Atlantida,Poorest,-109531,0,59
59 71  3,3,23,Evangelical / Protestant,Atlantida,Poorest,-98732,0,59
59 81  7,1,30,Evangelical / Protestant,Atlantida,Poorest,-124641,0,59
59101  2,6,28,Evangelical / Protestant,Atlantida,Richer,52947,0,59
59111  4,1,39,Evangelical / Protestant,Atlantida,Poorer,-85663,0,59
59121  2,0,24,Evangelical / Protestant,Atlantida,Poorer,-68066,0,59
59131  2,2,19,Catholic,Atlantida,Poorer,-79408,0,59
59141  2,9,22,Catholic,Atlantida,Richer,66368,0,59
59151  2,0,40,Catholic,Atlantida,Poorest,-104538,0,59
59171  2,4,25,Catholic,Atlantida,Poorest,-109920,0,59
59181  2,1,40,Evangelical / Protestant,Atlantida,Poorer,-74109,0,59
59191  2,0,33,Evangelical / Protestant,Atlantida,Poorest,-101230,0,59
59201  4,0,29,Catholic,Atlantida,Poorest,-102824,0,59
60 11  6,9,26,Catholic,Atlantida,Middle,-7659,0,60
60 11  7,6,23,Catholic,Atlantida,Middle,-7659,0,60
60 31  1,0,47,Catholic,Atlantida,Middle,-4230,0,60
60 31  2,12,21,Catholic,Atlantida,Middle,-4230,0,60
60 41  2,6,33,Evangelical / Protestant,Atlantida,Richer,112362,0,60
60 51  2,3,37,Evangelical / Protestant,Atlantida,Middle,-8112,0,60
60 81  2,9,30,Catholic,Atlantida,Richest,117773,0,60
60 91  1,0,45,Catholic,Atlantida,Poorest,-97452,0,60
60 91  8,2,23,Catholic,Atlantida,Poorest,-97452,0,60
60121  1,6,32,Catholic,Atlantida,Poorer,-31534,0,60
60141  2,9,34,Catholic,Atlantida,Richer,102959,0,60
60161  4,11,21,Evangelical / Protestant,Atlantida,Richer,62254,0,60
60181  4,11,19,Catholic,Atlantida,Richest,168798,0,60
60201  1,6,40,Catholic,Atlantida,Richer,65138,0,60
60201  2,13,18,Catholic,Atlantida,Richer,65138,0,60
,,,,,,,,
,,,,,,,,
,,,,,,,,
,,,,,,,,
,,,,,,,,
,,,,,,,,
,,,,,,,,
,7.078636959,32.3931848,,,,,,
